﻿<LinkSources version="1.02">
  <page ID="1036E0EB-E8D4-4CFF-BE18-881050CF791D">
    <linkSource sourcePageID="53353C39-B91A-4FDE-8D6B-A9964115A9C3" comID="90B1F2AC-9A48-44DE-A5F2-F1704EF676FB" comLinkType="cltPageLink"/>
    <linkSource sourcePageID="53353C39-B91A-4FDE-8D6B-A9964115A9C3" comID="6EB0D680-913F-4A4B-8370-CD29E9BF71AE" comLinkType="cltPageLink"/>
  </page>
  <page ID="F2DFB395-9FBC-4F9A-BB6C-3A26E27551DF">
    <linkSource sourcePageID="1036E0EB-E8D4-4CFF-BE18-881050CF791D" comID="3073D7DC-F46F-434A-90A0-C7195FA97C9E" comLinkType="cltPageLink"/>
  </page>
  <page ID="5E53974F-D238-4E80-AD30-84238903C4B2">
    <linkSource sourcePageID="1036E0EB-E8D4-4CFF-BE18-881050CF791D" comID="DE1356B1-1CD0-4806-A6B2-2C890371FE68" comLinkType="cltPageLink"/>
    <linkSource sourcePageID="F2DFB395-9FBC-4F9A-BB6C-3A26E27551DF" comID="2E7683D1-BDFA-400B-A616-DC040BCF65D6" comLinkType="cltPageLink"/>
    <linkSource sourcePageID="5E53974F-D238-4E80-AD30-84238903C4B2" comID="99E2B583-BD00-43CA-962D-0247CA0AB715" comLinkType="cltPageLink"/>
    <linkSource sourcePageID="E1E2E93B-02FA-4D77-8502-596F76609EF5" comID="DF0FF3B6-71EA-432A-B345-C23388084BFB" comLinkType="cltPageLink"/>
    <linkSource sourcePageID="935F3637-8355-4EF6-991C-73BD32AA0FEC" comID="DF0FF3B6-71EA-432A-B345-C23388084BFB" comLinkType="cltPageLink"/>
    <linkSource sourcePageID="F959378F-CE78-41C2-BF1E-5BA492C2B4E7" comID="DF0FF3B6-71EA-432A-B345-C23388084BFB" comLinkType="cltPageLink"/>
    <linkSource sourcePageID="8E67D0CF-117B-40F6-86B8-C557EA84601E" comID="9AD1C07E-17B9-41F3-AC9A-BE4333092D4C" comLinkType="cltPageLink"/>
    <linkSource sourcePageID="6D45044E-5BFB-4AE3-8913-2489711BE848" comID="DF0FF3B6-71EA-432A-B345-C23388084BFB" comLinkType="cltPageLink"/>
    <linkSource sourcePageID="5E53974F-D238-4E80-AD30-84238903C4B2" comID="10D46337-13A3-4490-9CF5-40777F3CD2E5" comLinkType="cltPageLink"/>
    <linkSource sourcePageID="53F8A854-F79E-4B27-AF20-BBE98C9EDD81" comID="C5FF9EA7-94A8-4593-AF59-FF786AB4F1AA" comLinkType="cltPageLink"/>
    <linkSource sourcePageID="1036E0EB-E8D4-4CFF-BE18-881050CF791D" comID="9FBDEB40-1851-4236-A592-35CD18E54200" comLinkType="cltPageLink"/>
    <linkSource sourcePageID="F2DFB395-9FBC-4F9A-BB6C-3A26E27551DF" comID="E9812356-D727-4415-B14D-61658FD74848" comLinkType="cltPageLink"/>
    <linkSource sourcePageID="B1178945-6B06-4161-AF78-47CDE831AFC8" comID="DF0FF3B6-71EA-432A-B345-C23388084BFB" comLinkType="cltPageLink"/>
  </page>
  <page ID="E1E2E93B-02FA-4D77-8502-596F76609EF5">
    <linkSource sourcePageID="5E53974F-D238-4E80-AD30-84238903C4B2" comID="99E2B583-BD00-43CA-962D-0247CA0AB715" comLinkType="cltPageLink"/>
    <linkSource sourcePageID="53F8A854-F79E-4B27-AF20-BBE98C9EDD81" comID="C5FF9EA7-94A8-4593-AF59-FF786AB4F1AA" comLinkType="cltPageLink"/>
    <linkSource sourcePageID="770C79B7-5C4D-45AD-B0D4-3389114C10E0" comID="70D60737-81F6-4C4D-9D69-2E50DFE3E02A" comLinkType="cltPageLink"/>
    <linkSource sourcePageID="C324BDA8-2CED-46A8-AF8B-D01F94531ABA" comID="C5FF9EA7-94A8-4593-AF59-FF786AB4F1AA" comLinkType="cltPageLink"/>
    <linkSource sourcePageID="53F8A854-F79E-4B27-AF20-BBE98C9EDD81" comID="783AD5D4-0B69-4F01-8E6D-E3881012F427" comLinkType="cltPageLink"/>
    <linkSource sourcePageID="770C79B7-5C4D-45AD-B0D4-3389114C10E0" comID="8BE5D6E1-7BD3-47C6-BA07-AD78FED63AAE" comLinkType="cltPageLink"/>
  </page>
  <page ID="53F8A854-F79E-4B27-AF20-BBE98C9EDD81">
    <linkSource sourcePageID="E1E2E93B-02FA-4D77-8502-596F76609EF5" comID="1B4BF770-391A-44F9-92AA-4473B1EE77C6" comLinkType="cltPageLink"/>
    <linkSource sourcePageID="53F8A854-F79E-4B27-AF20-BBE98C9EDD81" comID="7D9DE59F-430B-4B05-BAE3-ABE013D21175" comLinkType="cltPageLink"/>
  </page>
  <page ID="C324BDA8-2CED-46A8-AF8B-D01F94531ABA">
    <linkSource sourcePageID="E1E2E93B-02FA-4D77-8502-596F76609EF5" comID="1B4BF770-391A-44F9-92AA-4473B1EE77C6" comLinkType="cltPageLink"/>
  </page>
  <page ID="770C79B7-5C4D-45AD-B0D4-3389114C10E0">
    <linkSource sourcePageID="E1E2E93B-02FA-4D77-8502-596F76609EF5" comID="1B4BF770-391A-44F9-92AA-4473B1EE77C6" comLinkType="cltPageLink"/>
  </page>
  <page ID="935F3637-8355-4EF6-991C-73BD32AA0FEC">
    <linkSource sourcePageID="5E53974F-D238-4E80-AD30-84238903C4B2" comID="99E2B583-BD00-43CA-962D-0247CA0AB715" comLinkType="cltPageLink"/>
    <linkSource sourcePageID="8E67D0CF-117B-40F6-86B8-C557EA84601E" comID="9AD1C07E-17B9-41F3-AC9A-BE4333092D4C" comLinkType="cltPageLink"/>
  </page>
  <page ID="6D45044E-5BFB-4AE3-8913-2489711BE848">
    <linkSource sourcePageID="ECFCDB5A-AFDA-48F2-B995-6F1653A8A1C8" comID="9AD1C07E-17B9-41F3-AC9A-BE4333092D4C" comLinkType="cltPageLink"/>
  </page>
  <page ID="053F257A-EFC9-4D48-B237-94ECD847343D">
    <linkSource sourcePageID="5E53974F-D238-4E80-AD30-84238903C4B2" comID="99E2B583-BD00-43CA-962D-0247CA0AB715" comLinkType="cltPageLink"/>
  </page>
  <page ID="08372B9C-9A04-47C7-B9B7-2320CCB2A8E4">
    <linkSource sourcePageID="5E53974F-D238-4E80-AD30-84238903C4B2" comID="99E2B583-BD00-43CA-962D-0247CA0AB715" comLinkType="cltPageLink"/>
  </page>
  <page ID="5274D5FC-CC8F-473B-A347-3222C0F88FA1">
    <linkSource sourcePageID="5E53974F-D238-4E80-AD30-84238903C4B2" comID="99E2B583-BD00-43CA-962D-0247CA0AB715" comLinkType="cltPageLink"/>
  </page>
</LinkSources>