﻿<mockup version="5.3" minAllowVersion="5.3" ID="6888B451-A066-4F09-96A7-BEDFE62BD2BE" platform="MtMobile" defaultW="375" defaultH="667" measureW="375" measureH="667" screenOrientation="MoPortrait" mobileScreenScale="1.77777779102325" clipArea="(0,0,0,0)">
  <controls controlCount="1">
    <control controlID="6840CC36-080C-4E9C-8DB8-EB66F673C86E" controlTypeID="Image" x="0" y="0" w="375" h="667" zOrder="0">
      <URL>573588E9F8EEEB7B99EB8A4CD47FB113.png</URL>
    </control>
  </controls>
  <param>
    <backgroundColor>4294967295</backgroundColor>
    <fontSize>0</fontSize>
    <fontFamily/>
    <guideLines/>
  </param>
</mockup>