﻿<mockup version="5.3" minAllowVersion="5.3" ID="8D7A4EFF-DD10-4819-8E11-223B4AA76112" platform="MtMobile" defaultW="375" defaultH="667" measureW="375" measureH="667" screenOrientation="MoPortrait" mobileScreenScale="1.77777779102325" clipArea="(0,0,0,0)">
  <controls controlCount="4">
    <control controlID="88ACEA57-D275-47A6-8C47-EFAE5B70F868" controlTypeID="StatusBar(Android)" x="0" y="0" w="375" h="20" zOrder="0"/>
    <control controlID="02038AC9-5A7D-441A-9668-E23C2C3462D9" controlTypeID="Keyboard" x="0" y="404" w="375" h="263" zOrder="1"/>
    <control controlID="ABC06EAA-E3AF-4EF9-B12F-FEF4B0A96505" controlTypeID="Label" x="143" y="62" w="90" h="32" zOrder="2">
      <font family="Segoe+UI" displayName="Segoe+UI+Bold" postScript="" weightStyle="Bold" weight="700" isBold="True" isItalic="False" useDefaultFontFamily="False"/>
      <text>LOG-IN+</text>
      <textSize>24</textSize>
      <lineSpacing>0</lineSpacing>
      <textStyles>[fsBold]</textStyles>
      <useDefaultTextSize>False</useDefaultTextSize>
      <selectedIndex>-1</selectedIndex>
    </control>
    <control controlID="A9C8EA96-7E8B-4142-B020-054ED013CB8E" controlTypeID="TextField" x="39" y="349" w="305" h="39" zOrder="3">
      <font family="Segoe+UI" displayName="Segoe+UI" postScript="" weightStyle="Regular" weight="400" isBold="False" isItalic="False"/>
      <text>Text+Field</text>
      <textSize>14</textSize>
      <lineSpacing>0</lineSpacing>
      <selectedIndex>-1</selectedIndex>
    </control>
  </controls>
  <param>
    <backgroundColor>4294967295</backgroundColor>
    <fontSize>0</fontSize>
    <fontFamily/>
    <guideLines/>
  </param>
</mockup>