﻿<mockup version="5.3" minAllowVersion="5.3" ID="C56EA64E-7475-409B-B486-AA03D63542C4" platform="MtMobile" defaultW="375" defaultH="667" measureW="375" measureH="667" screenOrientation="MoPortrait" mobileScreenScale="1.77777779102325" clipArea="(0,0,0,0)">
  <controls controlCount="5">
    <control controlID="9DED43B8-6F5B-47C7-9553-977F2B0F8E2E" controlTypeID="Shape" x="20" y="111" w="335" h="120" zOrder="0">
      <color>4284900966</color>
      <opacity>0.699999988079071</opacity>
      <interactiveData>
        <entry title="">
          <area shape="0" alt="" ID="{F21EDC37-CCD1-4F48-9973-BC61728DC52E}" coords="(0,0,335,120)"/>
          <events title="">
            <event eventType="atClick" isChecked="True">
              <behaviour title="" isChecked="True" isWait="False" isLoop="False" execMode="emParallel">
                <target targetID="93F4DF55-516B-4291-991C-164073AF03EB" isChecked="True" isAutoRecovery="False" isLoop="False" execMode="emSequence">
                  <command name="Change Visibility" isChecked="True" descrition="">
                    <param name="AniInterpolation" value="1" varType="3" description=""/>
                    <param name="AniDuration" value="200" varType="3" description=""/>
                    <param name="AniAutoReverse" value="False" varType="11" description=""/>
                    <param name="AniLoop" value="False" varType="11" description=""/>
                    <param name="AniInterpolationTypeOut" value="False" varType="11" description=""/>
                    <param name="Delay" value="0" varType="3" description=""/>
                    <param name="ValueFromCurrent" value="True" varType="11" description=""/>
                    <param name="ForceFromInitValue" value="False" varType="11" description=""/>
                    <param name="ForceSetVisible" value="False" varType="11" description=""/>
                    <param name="Value" value="2" varType="3" description=""/>
                    <param name="TerminateLoopByClick" value="True" varType="11" description=""/>
                  </command>
                </target>
              </behaviour>
            </event>
          </events>
        </entry>
      </interactiveData>
      <font family="Segoe+UI" displayName="Segoe+UI" postScript="" weightStyle="Regular" weight="400" isBold="False" isItalic="False" useDefaultFontFamily="False"/>
      <selectedIndex>-1</selectedIndex>
      <dashMode>SdDash</dashMode>
      <borderMode>[bmTop,bmRight,bmBottom]</borderMode>
    </control>
    <control controlID="C397E043-0F4A-4EE3-93D8-2CF523C72B4B" controlTypeID="Shape" x="20" y="111" w="105" h="120" zOrder="1">
      <font family="Segoe+UI" displayName="Segoe+UI" postScript="" weightStyle="Regular" weight="400" isBold="False" isItalic="False"/>
      <textSize>14</textSize>
      <selectedIndex>-1</selectedIndex>
    </control>
    <control controlID="E382FD81-E01D-4E45-A6DC-BCCAE22CDFDB" controlTypeID="Shape" x="20" y="251" w="335" h="47" zOrder="2">
      <borderColor>4288256409</borderColor>
      <font family="Segoe+UI" displayName="Segoe+UI" postScript="" weightStyle="Regular" weight="400" isBold="False" isItalic="False"/>
      <textSize>14</textSize>
      <selectedIndex>-1</selectedIndex>
    </control>
    <control controlID="9AD1C07E-17B9-41F3-AC9A-BE4333092D4C" controlTypeID="Top ActionBar" x="0" y="0" w="375" h="40" zOrder="3">
      <links eventType="AtClick" animate="AmNone" animateAutoDelay="0" animateDuration="500">
        <link targetPageID="6D45044E-5BFB-4AE3-8913-2489711BE848" linkType="ltPageLink" isApplyIncludePage="False" title="stay+focus">
          <area shape="0" alt="" ID="{293ED0DB-CFA0-4F38-9AF6-23C3D7995A7D}" coords="(2,0,42,40)"/>
        </link>
        <link targetPageID="" linkType="ltPageLink" isApplyIncludePage="False" title="Menu">
          <area shape="0" alt="" ID="{A1B07DEF-A396-44CE-8E3B-728A05E5642C}" coords="(328,0,368,40)"/>
        </link>
      </links>
      <font family="Segoe+UI" displayName="Segoe+UI+Bold" postScript="" weightStyle="Bold" weight="700" isBold="True" isItalic="False"/>
      <text>Timetable</text>
      <textSize>16</textSize>
      <lineSpacing>0</lineSpacing>
      <textStyles>[fsBold]</textStyles>
      <useDefaultTextSize>False</useDefaultTextSize>
    </control>
    <control controlID="9091C827-B5A4-45B0-926C-54A127D663DF" controlTypeID="Label" x="50" y="157" w="40" h="27" zOrder="4">
      <font family="Segoe+UI" displayName="Segoe+UI+Bold" postScript="" weightStyle="Bold" weight="700" isBold="True" isItalic="False"/>
      <text>20%25</text>
      <textSize>20</textSize>
      <lineSpacing>0</lineSpacing>
      <textStyles>[fsBold]</textStyles>
      <useDefaultTextSize>False</useDefaultTextSize>
    </control>
  </controls>
  <param>
    <backgroundColor>4294967295</backgroundColor>
    <fontSize>0</fontSize>
    <fontFamily/>
    <guideLines/>
  </param>
</mockup>