﻿<mockup version="5.3" minAllowVersion="5.3" ID="F2DFB395-9FBC-4F9A-BB6C-3A26E27551DF" platform="MtMobile" defaultW="375" defaultH="667" measureW="375" measureH="667" screenOrientation="MoPortrait" mobileScreenScale="1.77777779102325" clipArea="(0,0,0,0)">
  <controls controlCount="15">
    <control controlID="51D20F41-E126-418E-AA18-8CF9006B6319" controlTypeID="StatusBar(Android)" x="0" y="0" w="375" h="20" zOrder="0"/>
    <control controlID="8A108E62-9242-4841-903C-A41C3B495D70" controlTypeID="Keyboard" x="0" y="427" w="375" h="240" zOrder="1"/>
    <control controlID="7ADBB1AE-EBB1-45BB-BFF9-67F748FE714D" controlTypeID="LabelTextInput" x="34" y="161" w="280" h="39" zOrder="2">
      <interactiveData>
        <entry title="">
          <area shape="0" alt="" ID="{1641DF4D-E2D8-4B82-863A-52700B02DFA5}" coords="(0,0,280,39)"/>
          <events title="">
            <event eventType="atClick" isChecked="True">
              <behaviour title="" isChecked="True" isWait="False" isLoop="False" execMode="emParallel">
                <target targetID="8A108E62-9242-4841-903C-A41C3B495D70" isChecked="True" isAutoRecovery="False" isLoop="False" execMode="emSequence">
                  <command name="Change Visibility" isChecked="True" descrition="">
                    <param name="AniInterpolation" value="1" varType="3" description=""/>
                    <param name="AniDuration" value="200" varType="3" description=""/>
                    <param name="AniAutoReverse" value="False" varType="11" description=""/>
                    <param name="AniLoop" value="False" varType="11" description=""/>
                    <param name="AniInterpolationTypeOut" value="False" varType="11" description=""/>
                    <param name="Delay" value="0" varType="3" description=""/>
                    <param name="ValueFromCurrent" value="True" varType="11" description=""/>
                    <param name="ForceFromInitValue" value="False" varType="11" description=""/>
                    <param name="ForceSetVisible" value="False" varType="11" description=""/>
                    <param name="Value" value="2" varType="3" description=""/>
                    <param name="TerminateLoopByClick" value="True" varType="11" description=""/>
                  </command>
                </target>
              </behaviour>
            </event>
          </events>
        </entry>
      </interactiveData>
      <font family="Segoe+UI" displayName="Segoe+UI" postScript="" weightStyle="Regular" weight="400" isBold="False" isItalic="False" useDefaultFontFamily="False"/>
      <text>Username%0D%0A++%2C+Matt</text>
      <lineSpacing>0</lineSpacing>
      <selectedIndex>-1</selectedIndex>
      <radiusIsPercent>True</radiusIsPercent>
      <radius>19</radius>
    </control>
    <control controlID="4C694B96-8253-47BF-BFD2-4AD37698178D" controlTypeID="LabelTextInput" x="38" y="203" w="276" h="39" zOrder="3">
      <interactiveData>
        <entry title="">
          <area shape="0" alt="" ID="{81D07EB6-C491-47A0-93E0-943A15CA6BA4}" coords="(0,0,276,39)"/>
          <events title="">
            <event eventType="atClick" isChecked="True">
              <behaviour title="" isChecked="True" isWait="False" isLoop="False" execMode="emParallel">
                <target targetID="8A108E62-9242-4841-903C-A41C3B495D70" isChecked="True" isAutoRecovery="False" isLoop="False" execMode="emSequence">
                  <command name="Change Visibility" isChecked="True" descrition="">
                    <param name="AniInterpolation" value="1" varType="3" description=""/>
                    <param name="AniDuration" value="200" varType="3" description=""/>
                    <param name="AniAutoReverse" value="False" varType="11" description=""/>
                    <param name="AniLoop" value="False" varType="11" description=""/>
                    <param name="AniInterpolationTypeOut" value="False" varType="11" description=""/>
                    <param name="Delay" value="0" varType="3" description=""/>
                    <param name="ValueFromCurrent" value="True" varType="11" description=""/>
                    <param name="ForceFromInitValue" value="False" varType="11" description=""/>
                    <param name="ForceSetVisible" value="False" varType="11" description=""/>
                    <param name="Value" value="2" varType="3" description=""/>
                    <param name="TerminateLoopByClick" value="True" varType="11" description=""/>
                  </command>
                </target>
              </behaviour>
            </event>
          </events>
        </entry>
      </interactiveData>
      <font family="Segoe+UI" displayName="Segoe+UI" postScript="" weightStyle="Regular" weight="400" isBold="False" isItalic="False" useDefaultFontFamily="False"/>
      <text>Password%2C+Matt</text>
      <lineSpacing>0</lineSpacing>
      <selectedIndex>-1</selectedIndex>
      <radiusIsPercent>True</radiusIsPercent>
      <radius>19</radius>
    </control>
    <control controlID="17EEEA82-FB26-4999-8884-6346D09283FB" controlTypeID="Label" x="160" y="84" w="56" h="26" zOrder="4">
      <font family="Segoe+UI+Emoji" displayName="Segoe+UI+Emoji_%26_Bold" postScript="" weightStyle="Bold" weight="700" isBold="True" isItalic="False" useDefaultFontFamily="False"/>
      <text>Log-in</text>
      <textSize>19</textSize>
      <lineSpacing>0</lineSpacing>
      <textStyles>[fsBold]</textStyles>
      <useDefaultTextSize>False</useDefaultTextSize>
      <selectedIndex>-1</selectedIndex>
    </control>
    <control controlID="40D9F3D3-5830-4FA2-9D4B-123FA7B44CE8" controlTypeID="Icon" x="314" y="172" w="24" h="24" zOrder="5">
      <color>4294967295</color>
      <interactiveData>
        <entry title="">
          <area shape="0" alt="" ID="{D99E851E-7DBE-48CA-9D6E-1C2744F66A8D}" coords="(0,0,24,24)"/>
          <events title="">
            <event eventType="atClick" isChecked="True">
              <behaviour title="" isChecked="True" isWait="False" isLoop="False" execMode="emParallel">
                <target targetID="8A108E62-9242-4841-903C-A41C3B495D70" isChecked="True" isAutoRecovery="False" isLoop="False" execMode="emSequence">
                  <command name="Change Visibility" isChecked="True" descrition="">
                    <param name="AniInterpolation" value="1" varType="3" description=""/>
                    <param name="AniDuration" value="200" varType="3" description=""/>
                    <param name="AniAutoReverse" value="False" varType="11" description=""/>
                    <param name="AniLoop" value="False" varType="11" description=""/>
                    <param name="AniInterpolationTypeOut" value="False" varType="11" description=""/>
                    <param name="Delay" value="0" varType="3" description=""/>
                    <param name="ValueFromCurrent" value="True" varType="11" description=""/>
                    <param name="ForceFromInitValue" value="False" varType="11" description=""/>
                    <param name="ForceSetVisible" value="False" varType="11" description=""/>
                    <param name="Value" value="2" varType="3" description=""/>
                    <param name="TerminateLoopByClick" value="True" varType="11" description=""/>
                  </command>
                </target>
              </behaviour>
            </event>
          </events>
        </entry>
      </interactiveData>
      <icon>
        <ID/>
        <iconFontName>jdIonicons</iconFontName>
        <iconCode>62599</iconCode>
      </icon>
      <URL>349F1E05418B8F168FC29137DDFB1431.svg</URL>
    </control>
    <control controlID="E9812356-D727-4415-B14D-61658FD74848" controlTypeID="IconButton2" x="183" y="251" w="38" h="38" zOrder="6">
      <links eventType="AtClick" animate="AmNone" animateAutoDelay="0" animateDuration="500">
        <link targetPageID="5E53974F-D238-4E80-AD30-84238903C4B2" linkType="ltPageLink" isApplyIncludePage="False" title="HOMEPAGE">
          <area shape="0" alt="" ID="{A7228DA8-73DF-41F4-A339-C5EFBAE0971B}" coords="(0,0,38,38)"/>
        </link>
      </links>
      <groupChildrenDescriptors>
        <control controlID="54C0653A-7110-4BF6-BA65-367FD1B80959" controlTypeID="Shape" x="0" y="0" w="38" h="38" zOrder="0">
          <canMove>False</canMove>
          <alias>shape</alias>
          <font family="Segoe+UI" displayName="Segoe+UI" postScript="" weightStyle="Regular" weight="400" isBold="False" isItalic="False"/>
          <textSize>14</textSize>
          <selectedIndex>-1</selectedIndex>
          <shapeBorderType>SbEllipse</shapeBorderType>
        </control>
        <control controlID="5E6BB5C2-2E8D-4B26-91CE-F83D490761A3" controlTypeID="Icon" x="7" y="7" w="24" h="24" zOrder="1">
          <canMove>False</canMove>
          <alias>icon</alias>
          <icon>
            <ID/>
            <iconFontName/>
            <iconCode>-1</iconCode>
          </icon>
        </control>
        <control controlID="C5D80785-46B3-46C6-8C24-4AE1C2B6E5F0" controlTypeID="Label" x="0" y="2" w="28" h="16" zOrder="2">
          <canMove>False</canMove>
          <alias>label</alias>
          <font family="Segoe+UI" displayName="Segoe+UI" postScript="" weightStyle="Regular" weight="400" isBold="False" isItalic="False"/>
          <text>Label</text>
          <textSize>12</textSize>
          <textAlign>HaCenter</textAlign>
          <lineSpacing>0</lineSpacing>
          <selectedIndex>-1</selectedIndex>
        </control>
        <control controlID="FFBA0D14-9A7F-415D-8AB9-C6315C075C24" controlTypeID="Shape" x="24" y="0" w="14" h="13" zOrder="3">
          <color>4294901760</color>
          <borderVisible>False</borderVisible>
          <canMove>False</canMove>
          <alias>alarm</alias>
          <font family="Segoe+UI" displayName="Segoe+UI" postScript="" weightStyle="Regular" weight="400" isBold="False" isItalic="False"/>
          <text>2</text>
          <textColor>4294967295</textColor>
          <textSize>8</textSize>
          <selectedIndex>-1</selectedIndex>
          <radius>100</radius>
          <radiusIsPercent>True</radiusIsPercent>
        </control>
      </groupChildrenDescriptors>
    </control>
    <control controlID="197258AF-BD4E-4F33-9C7D-B7E4E9CCF20A" controlTypeID="Icon" x="314" y="211" w="24" h="24" zOrder="7">
      <color>4294967295</color>
      <interactiveData>
        <entry title="">
          <area shape="0" alt="" ID="{42277CE0-1C60-4C86-A1AB-BFA0D4309B5B}" coords="(0,0,24,24)"/>
          <events title="">
            <event eventType="atClick" isChecked="True">
              <behaviour title="" isChecked="True" isWait="False" isLoop="False" execMode="emParallel">
                <target targetID="8A108E62-9242-4841-903C-A41C3B495D70" isChecked="True" isAutoRecovery="False" isLoop="False" execMode="emSequence">
                  <command name="Change Visibility" isChecked="True" descrition="">
                    <param name="AniInterpolation" value="1" varType="3" description=""/>
                    <param name="AniDuration" value="200" varType="3" description=""/>
                    <param name="AniAutoReverse" value="False" varType="11" description=""/>
                    <param name="AniLoop" value="False" varType="11" description=""/>
                    <param name="AniInterpolationTypeOut" value="False" varType="11" description=""/>
                    <param name="Delay" value="0" varType="3" description=""/>
                    <param name="ValueFromCurrent" value="True" varType="11" description=""/>
                    <param name="ForceFromInitValue" value="False" varType="11" description=""/>
                    <param name="ForceSetVisible" value="False" varType="11" description=""/>
                    <param name="Value" value="2" varType="3" description=""/>
                    <param name="TerminateLoopByClick" value="True" varType="11" description=""/>
                  </command>
                </target>
              </behaviour>
            </event>
          </events>
        </entry>
      </interactiveData>
      <icon>
        <ID/>
        <iconFontName>jdIonicons</iconFontName>
        <iconCode>62599</iconCode>
      </icon>
      <URL>349F1E05418B8F168FC29137DDFB1431.svg</URL>
    </control>
    <control controlID="2E7683D1-BDFA-400B-A616-DC040BCF65D6" controlTypeID="TextInput" x="160" y="255" w="85" h="31" zOrder="8">
      <color>4291611852</color>
      <borderVisible>False</borderVisible>
      <links eventType="AtClick" animate="AmNone" animateAutoDelay="0" animateDuration="500">
        <link targetPageID="5E53974F-D238-4E80-AD30-84238903C4B2" linkType="ltPageLink" isApplyIncludePage="False" title="HOMEPAGE">
          <area shape="0" alt="" ID="{6BA35226-CCD7-42C2-9FB9-EB393B8DBE98}" coords="(0,0,85,31)"/>
        </link>
      </links>
      <font family="Segoe+UI" displayName="Segoe+UI" postScript="" weightStyle="Regular" weight="400" isBold="False" isItalic="False" useDefaultFontFamily="False"/>
      <text>++++++++++LOG-IN+++</text>
      <textSize>12</textSize>
      <lineSpacing>0</lineSpacing>
      <selectedIndex>-1</selectedIndex>
      <radius>100</radius>
      <radiusIsPercent>True</radiusIsPercent>
    </control>
    <control controlID="8F246FF0-54F2-4DEA-8417-54F7972B6F50" controlTypeID="Icon" x="313" y="169" w="24" h="24" zOrder="9">
      <interactiveData>
        <entry title="">
          <area shape="0" alt="" ID="{D99E851E-7DBE-48CA-9D6E-1C2744F66A8D}" coords="(0,0,24,24)"/>
          <events title="">
            <event eventType="atClick" isChecked="True">
              <behaviour title="" isChecked="True" isWait="False" isLoop="False" execMode="emParallel">
                <target targetID="8A108E62-9242-4841-903C-A41C3B495D70" isChecked="True" isAutoRecovery="False" isLoop="False" execMode="emSequence">
                  <command name="Change Visibility" isChecked="True" descrition="">
                    <param name="AniInterpolation" value="1" varType="3" description=""/>
                    <param name="AniDuration" value="200" varType="3" description=""/>
                    <param name="AniAutoReverse" value="False" varType="11" description=""/>
                    <param name="AniLoop" value="False" varType="11" description=""/>
                    <param name="AniInterpolationTypeOut" value="False" varType="11" description=""/>
                    <param name="Delay" value="0" varType="3" description=""/>
                    <param name="ValueFromCurrent" value="True" varType="11" description=""/>
                    <param name="ForceFromInitValue" value="False" varType="11" description=""/>
                    <param name="ForceSetVisible" value="False" varType="11" description=""/>
                    <param name="Value" value="2" varType="3" description=""/>
                    <param name="TerminateLoopByClick" value="True" varType="11" description=""/>
                  </command>
                </target>
              </behaviour>
            </event>
          </events>
        </entry>
      </interactiveData>
      <icon>
        <ID/>
        <iconFontName>jdIonicons</iconFontName>
        <iconCode>62599</iconCode>
      </icon>
      <URL>349F1E05418B8F168FC29137DDFB1431.svg</URL>
    </control>
    <control controlID="E006CD3C-5B8D-40D8-8729-15EA6206942B" controlTypeID="Icon" x="313" y="210" w="24" h="24" zOrder="10">
      <interactiveData>
        <entry title="">
          <area shape="0" alt="" ID="{D99E851E-7DBE-48CA-9D6E-1C2744F66A8D}" coords="(0,0,24,24)"/>
          <events title="">
            <event eventType="atClick" isChecked="True">
              <behaviour title="" isChecked="True" isWait="False" isLoop="False" execMode="emParallel">
                <target targetID="8A108E62-9242-4841-903C-A41C3B495D70" isChecked="True" isAutoRecovery="False" isLoop="False" execMode="emSequence">
                  <command name="Change Visibility" isChecked="True" descrition="">
                    <param name="AniInterpolation" value="1" varType="3" description=""/>
                    <param name="AniDuration" value="200" varType="3" description=""/>
                    <param name="AniAutoReverse" value="False" varType="11" description=""/>
                    <param name="AniLoop" value="False" varType="11" description=""/>
                    <param name="AniInterpolationTypeOut" value="False" varType="11" description=""/>
                    <param name="Delay" value="0" varType="3" description=""/>
                    <param name="ValueFromCurrent" value="True" varType="11" description=""/>
                    <param name="ForceFromInitValue" value="False" varType="11" description=""/>
                    <param name="ForceSetVisible" value="False" varType="11" description=""/>
                    <param name="Value" value="2" varType="3" description=""/>
                    <param name="TerminateLoopByClick" value="True" varType="11" description=""/>
                  </command>
                </target>
              </behaviour>
            </event>
          </events>
        </entry>
      </interactiveData>
      <icon>
        <ID/>
        <iconFontName>jdIonicons</iconFontName>
        <iconCode>62599</iconCode>
      </icon>
      <URL>349F1E05418B8F168FC29137DDFB1431.svg</URL>
    </control>
  </controls>
  <param>
    <backgroundColor>4294967295</backgroundColor>
    <fontSize>0</fontSize>
    <fontFamily/>
    <guideLines/>
  </param>
</mockup>